Domain,Status,Attractiveness,Demand,Length,Sectors,Created,Expires,Registrar
one.foundation,resell,132,43%,3,"Business,General,Media,Technology",14/07/2015 14:34,14/07/2026 14:34,"GoDaddy.com, LLC"
brief.foundation,available,124,19%,5,"Business,Education,General,Law",,,
flat.foundation,available,116,23%,4,"Construction,Real Estate",,,
tenth.foundation,available,116,7%,5,Mathematics,,,
acute.foundation,available,112,9%,5,"Mathematics,Medicine,Science",,,
hotshot.foundation,available,112,14%,7,"Business,Entertainment,Sports",,,
above.foundation,available,112,22%,5,Business,,,
abiding.foundation,available,106,5%,7,"General,Religion",,,
expert.foundation,available,104,26%,6,"Business,Education,Technology",,,
teen.foundation,available,104,14%,4,"Education,Entertainment,Healthcare",,,
absent.foundation,available,102,8%,6,"Business,Education,Technology",,,
captive.foundation,available,102,14%,7,"Entertainment,Hospitality,Technology",,,
eight.foundation,available,102,23%,5,"General,Mathematics",,,
extra.foundation,available,102,26%,5,"Fashion,Retail,Technology",,,
adjunct.foundation,available,100,5%,7,Education,,,
ninth.foundation,available,100,9%,5,Mathematics,,,
eighth.foundation,available,100,6%,6,Mathematics,,,
sixth.foundation,expired,100,8%,5,Mathematics,04/07/2024 22:15,04/07/2025 22:15,"NameCheap, Inc."
whiz.foundation,available,100,12%,4,"Business,Education,Technology",,,
remove.foundation,available,100,13%,6,"Construction,Manufacturing,Technology",,,
abrupt.foundation,available,100,3%,6,"Medicine,Science",,,
crack.foundation,available,100,20%,5,Sports,,,
whizz.foundation,available,98,11%,5,"Business,Education,Technology",,,
academic.foundation,available,96,20%,8,"Education,Humanities,Science",,,
alamode.foundation,available,96,12%,9,Fashion,,,
forgiving.foundation,available,96,3%,9,"Healthcare,Religion",,,
actual.foundation,available,96,22%,6,"Real Estate,Retail,Technology",,,
doable.foundation,available,96,9%,6,"Business,Education,Technology",,,
abject.foundation,available,94,7%,6,Humanities,,,
around.foundation,available,94,22%,6,"Business,General,Media,Technology",,,
virtuoso.foundation,available,94,16%,8,"Arts,Entertainment",,,
about.foundation,available,94,28%,5,"Business,General,Media,Technology",,,
adequate.foundation,available,94,9%,8,"Education,Healthcare,Technology",,,
nought.foundation,available,92,4%,6,Mathematics,,,
derelict.foundation,available,92,7%,8,"Construction,Real Estate",,,
twentieth.foundation,available,92,3%,9,Mathematics,,,
adjective.foundation,available,92,5%,9,Education,,,
exemplary.foundation,available,92,5%,9,"Business,Education,Healthcare",,,
abroad.foundation,available,92,12%,6,"Hospitality,Travel",,,
riveting.foundation,available,90,6%,8,"Entertainment,Media,Technology",,,
addictive.foundation,available,90,9%,9,Healthcare,,,
endearing.foundation,available,90,1%,9,"Entertainment,Fashion,Retail",,,
leash.foundation,available,90,7%,5,"General,Health and Fitness,Retail",,,
adoring.foundation,available,90,2%,7,"Entertainment,Fashion,Retail",,,
abortive.foundation,available,90,1%,8,"Medicine,Science",,,
gripping.foundation,available,90,3%,8,"Entertainment,Media,Technology",,,
additional.foundation,available,90,8%,10,"Fashion,Retail,Technology",,,
hundred.foundation,available,88,13%,7,Mathematics,,,
eleven.foundation,available,88,32%,6,Mathematics,,,
wide.foundation,available,88,18%,4,"Business,Media,Technology",,,
three.foundation,available,88,23%,5,Mathematics,,,
twelve.foundation,available,88,18%,6,"General,Mathematics",,,
fifteen.foundation,available,88,13%,7,Mathematics,,,
adlib.foundation,available,88,7%,6,Entertainment,,,
sixteen.foundation,expired,88,10%,7,Mathematics,03/07/2024 09:49,03/07/2025 09:49,"NameCheap, Inc."
proficient.foundation,available,88,8%,10,"Education,Health and Fitness,Sports",,,
attendant.foundation,available,86,5%,9,"Healthcare,Hospitality,Transportation",,,
adolescent.foundation,available,86,3%,10,"Education,Entertainment,Healthcare",,,
star.foundation,available,86,40%,4,"Entertainment,Media,Sports",,,
engrossing.foundation,available,86,0%,10,"Entertainment,Media,Technology",,,
xix.foundation,available,86,10%,3,Mathematics,,,
aboriginal.foundation,available,86,10%,10,Humanities,,,
extempore.foundation,available,86,3%,9,Entertainment,,,
recondite.foundation,available,86,4%,9,"Arts,Humanities,Science",,,
cipher.foundation,available,86,29%,6,Mathematics,,,
deviate.foundation,available,84,12%,7,"Medicine,Science",,,
nineteen.foundation,available,84,8%,8,Mathematics,,,
accessory.foundation,available,84,8%,9,"Fashion,Retail,Technology",,,
thousand.foundation,available,84,8%,8,Mathematics,,,
adjustable.foundation,available,84,3%,10,"Manufacturing,Retail,Technology",,,
acting.foundation,available,84,12%,6,Entertainment,,,
seventeen.foundation,available,84,7%,9,Mathematics,,,
fourteen.foundation,available,84,8%,8,Mathematics,,,
sharp.foundation,available,84,34%,5,"Arts,Fashion",,,
twentytwo.foundation,available,84,10%,10,Mathematics,,,
twentyone.foundation,resell,84,13%,10,Mathematics,23/04/2025 14:13,23/04/2026 14:13,Porkbun LLC
thirteen.foundation,available,84,10%,8,Mathematics,,,
good.foundation,resell,82,47%,4,"Food and Beverage,General,Health and Fitness,Retail",17/07/2025 15:09,17/07/2026 15:09,"GoDaddy.com, LLC"
altered.foundation,available,82,9%,7,"Medicine,Science",,,
abenaki.foundation,available,82,2%,7,Geography,,,
decade.foundation,available,82,10%,6,Mathematics,,,
abkhaz.foundation,available,82,1%,6,Geography,,,
cleansing.foundation,available,82,3%,9,Health and Fitness,,,
fivesome.foundation,available,82,1%,8,Sports,,,
abdominal.foundation,available,82,1%,9,"Health and Fitness,Medicine",,,
enduring.foundation,available,82,9%,8,"Health and Fitness,Religion",,,
abroach.foundation,available,82,1%,7,Food and Beverage,,,
dozen.foundation,available,82,10%,5,Mathematics,,,
absorbent.foundation,available,82,3%,9,"Healthcare,Manufacturing,Retail",,,
nine.foundation,resell,80,24%,4,"General,Mathematics",11/07/2022 20:37,11/07/2026 20:37,"NameCheap, Inc."
seventh.foundation,available,80,10%,7,Mathematics,,,
trio.foundation,available,80,21%,4,Entertainment,,,
some.foundation,available,80,32%,4,"Business,Media,Retail",,,
absurd.foundation,available,80,16%,6,"Arts,Entertainment,Media",,,
capable.foundation,available,80,12%,7,"Business,Education,Technology",,,
abundant.foundation,available,80,19%,8,"Agriculture,Manufacturing,Retail",,,
worshipful.foundation,available,80,1%,10,"Education,Healthcare,Religion",,,
absorbable.foundation,available,80,0%,10,"Healthcare,Pharmaceuticals,Science",,,
adoptable.foundation,available,80,3%,9,"Education,Healthcare",,,
superstar.foundation,available,80,18%,9,Entertainment,,,
yard.foundation,available,80,25%,4,"Construction,General",,,
two.foundation,available,80,23%,3,Mathematics,,,
wiz.foundation,available,80,30%,3,"Business,Education,Technology",,,
forty.foundation,available,80,9%,5,Mathematics,,,
sequent.foundation,available,80,7%,7,"Healthcare,Insurance,Transportation",,,
dorsal.foundation,available,80,6%,6,"Medicine,Science",,,
abkhazian.foundation,available,78,1%,9,Geography,,,
absorptive.foundation,available,78,1%,10,"Healthcare,Manufacturing,Retail",,,
sixtynine.foundation,available,78,8%,10,Mathematics,,,
low.foundation,available,78,20%,3,"Business,Finance",,,
adorable.foundation,available,78,8%,8,"Entertainment,Fashion,Retail",,,
accidental.foundation,available,78,11%,10,"Healthcare,Insurance,Transportation",,,
adrenal.foundation,available,78,4%,7,"Education,Healthcare,Science",,,
acceptable.foundation,available,78,5%,10,"Business,Hospitality,Retail",,,
athletic.foundation,available,78,15%,8,"Health and Fitness,Sports",,,
adjacent.foundation,available,78,9%,8,"Construction,Real Estate,Retail",,,
accepted.foundation,available,78,6%,8,"Business,Education,Technology",,,
abkhasian.foundation,available,78,1%,9,Geography,,,
accurate.foundation,available,78,16%,8,"Engineering,Mathematics,Science",,,
recognised.foundation,available,78,3%,10,"Business,Education,Technology",,,
recognized.foundation,available,78,3%,10,"Business,Education,Technology",,,
abounding.foundation,available,78,2%,9,Agriculture,,,
dormant.foundation,available,78,4%,7,"Medicine,Science",,,
twentysix.foundation,available,78,8%,10,Mathematics,,,
honestly.foundation,available,78,9%,8,"Business,Law",,,
accessible.foundation,available,78,21%,10,"Healthcare,Retail,Technology",,,
acceptant.foundation,available,78,1%,9,"Education,Healthcare",,,
resultant.foundation,available,76,2%,9,"Healthcare,Insurance,Transportation",,,
nineteenth.foundation,available,76,3%,10,Mathematics,,,
energizing.foundation,available,76,3%,10,"Food and Beverage,Health and Fitness,Travel",,,
fifteenth.foundation,available,76,2%,9,Mathematics,,,
firstrate.foundation,available,76,6%,10,Business,,,
thousandth.foundation,available,76,1%,10,Mathematics,,,
adhesive.foundation,available,76,7%,8,"Construction,Manufacturing,Technology",,,
adaptive.foundation,available,76,28%,8,"Business,Education,Technology",,,
addable.foundation,available,76,2%,7,"Engineering,Mathematics,Science",,,
incidental.foundation,available,76,4%,10,"Healthcare,Insurance,Transportation",,,
fourteenth.foundation,available,76,2%,10,Mathematics,,,
improvise.foundation,available,76,4%,9,Entertainment,,,
adipose.foundation,available,76,2%,7,"Healthcare,Science",,,
ventral.foundation,available,76,3%,7,Science,,,
threed.foundation,available,76,7%,7,Technology,,,
ancillary.foundation,available,76,6%,9,"Healthcare,Manufacturing,Technology",,,
adherent.foundation,available,76,4%,8,"Politics,Religion",,,
hundredth.foundation,available,76,1%,9,Mathematics,,,
thirteenth.foundation,available,76,3%,10,Mathematics,,,
adaptable.foundation,available,76,9%,9,"Business,Education,Technology",,,
ague.foundation,available,76,2%,4,"Geography,Medicine,Science",,,
auxiliary.foundation,available,76,7%,9,"Healthcare,Manufacturing,Technology",,,
abrasive.foundation,available,76,6%,8,"Construction,Manufacturing",,,
eighteen.foundation,resell,76,7%,8,Mathematics,08/07/2024 11:16,08/07/2026 11:16,"GoDaddy.com, LLC"
acoustic.foundation,available,76,14%,8,Science,,,
cleared.foundation,available,74,7%,7,"Healthcare,Law,Transportation",,,
manageable.foundation,available,74,4%,10,"Business,Education,Technology",,,
single.foundation,available,74,19%,6,Sports,,,
accepting.foundation,available,74,3%,9,"Education,Healthcare",,,
adrenergic.foundation,available,74,1%,10,"Education,Healthcare,Science",,,
mavin.foundation,available,74,7%,5,"Entertainment,Fashion,Technology",,,
acuate.foundation,available,74,2%,6,"Engineering,Medicine,Science",,,
sensation.foundation,available,74,7%,9,"Entertainment,Media,Sports",,,
abnormal.foundation,available,74,16%,8,"Medicine,Science",,,
realizable.foundation,available,74,1%,10,"Business,Education,Technology",,,
aberrant.foundation,available,74,6%,8,"Medicine,Science",,,
skilful.foundation,available,74,3%,7,"Education,Health and Fitness,Sports",,,
adamant.foundation,available,74,14%,7,Religion,,,
broad.foundation,available,74,13%,5,"Entertainment,General,Media",,,
achievable.foundation,available,74,4%,10,"Business,Education,Technology",,,
playing.foundation,available,74,12%,7,Entertainment,,,
activated.foundation,available,74,9%,9,"Healthcare,Manufacturing,Technology",,,
admirable.foundation,available,74,5%,9,"Business,Education,Healthcare",,,
adenoid.foundation,available,74,1%,7,"Health and Fitness,Medicine,Science",,,
adapted.foundation,available,74,6%,7,"Healthcare,Manufacturing,Technology",,,
improvize.foundation,available,72,1%,9,Entertainment,,,
adjectival.foundation,available,72,1%,10,Education,,,
lovely.foundation,available,72,26%,6,"Entertainment,Fashion,Retail",,,
abloom.foundation,available,72,5%,6,Agriculture,,,
absolutist.foundation,available,72,1%,10,"Humanities,Law,Politics",,,
abreast.foundation,available,72,2%,7,"Business,Technology",,,
accusative.foundation,available,72,0%,10,"Humanities,Law",,,
ninetieth.foundation,available,72,1%,9,Mathematics,,,
adjunctive.foundation,available,72,1%,10,"Healthcare,Manufacturing,Technology",,,
ternary.foundation,available,72,7%,7,Mathematics,,,
adaptative.foundation,available,72,1%,10,"Business,Education,Technology",,,
existent.foundation,available,72,3%,8,"Mathematics,Science",,,
adonic.foundation,available,72,2%,6,"Arts,Education,Entertainment",,,
adiabatic.foundation,available,72,3%,9,"Engineering,Science",,,
sixtieth.foundation,available,72,1%,8,Mathematics,,,
trey.foundation,available,72,13%,4,Sports,,,
ablaze.foundation,available,72,6%,6,Entertainment,,,
addicted.foundation,available,72,9%,8,Healthcare,,,
accustomed.foundation,available,72,1%,10,"Business,Education,Humanities",,,
eightieth.foundation,available,72,1%,9,Mathematics,,,
engrossed.foundation,available,72,1%,9,"Entertainment,Media,Technology",,,
aching.foundation,available,72,4%,6,Healthcare,,,
absorbed.foundation,available,72,2%,8,"Entertainment,Media,Technology",,,
seventieth.foundation,available,72,1%,10,Mathematics,,,
stillborn.foundation,available,70,2%,9,"Medicine,Science",,,
consequent.foundation,available,70,3%,10,"Business,Education,General,Technology",,,
tiptop.foundation,available,70,24%,6,Fashion,,,
accumbent.foundation,available,70,1%,9,"Healthcare,Medicine,Science",,,
offhand.foundation,available,70,2%,7,Entertainment,,,
absorbing.foundation,available,70,3%,9,"Entertainment,Media,Technology",,,
recumbent.foundation,available,70,2%,9,"Healthcare,Medicine,Science",,,
gymnastic.foundation,available,70,3%,9,"Entertainment,Sports",,,
acuminate.foundation,available,70,1%,9,"Engineering,Medicine,Science",,,
adamantine.foundation,available,70,4%,10,Religion,,,
lowdown.foundation,available,70,6%,8,"Entertainment,Media",,,
admired.foundation,available,70,5%,7,"Business,Education,Healthcare",,,
abradant.foundation,available,70,1%,8,"Construction,Manufacturing",,,
adored.foundation,available,70,6%,6,"Entertainment,Fashion,Retail",,,
skillful.foundation,available,70,9%,8,"Education,Health and Fitness,Sports",,,
practiced.foundation,available,70,3%,9,"Education,Health and Fitness,Sports",,,
miserable.foundation,available,70,4%,9,Humanities,,,
abulic.foundation,available,70,1%,6,Medicine,,,
adjusted.foundation,available,70,5%,8,"Manufacturing,Retail,Technology",,,
scurvy.foundation,available,68,3%,6,Humanities,,,
accredited.foundation,available,68,9%,10,"Business,Education,Healthcare",,,
ane.foundation,available,68,12%,3,Mathematics,,,
acerate.foundation,available,68,1%,7,Science,,,
abducent.foundation,available,68,0%,8,Medicine,,,
disciple.foundation,available,68,14%,8,"Education,Religion",,,
achaean.foundation,available,68,2%,7,Humanities,,,
aculeate.foundation,available,68,1%,8,"Engineering,Medicine,Science",,,
ablative.foundation,available,68,3%,8,Science,,,
aroused.foundation,available,68,3%,7,"Entertainment,Health and Fitness",,,
licensed.foundation,available,68,5%,8,"Business,Healthcare,Insurance",,,
abnaki.foundation,available,68,1%,6,Geography,,,
septenary.foundation,available,68,2%,9,Mathematics,,,
aberdonian.foundation,available,68,1%,10,Geography,,,
activating.foundation,available,68,3%,10,"Healthcare,Manufacturing,Technology",,,
fiftieth.foundation,available,68,1%,8,Mathematics,,,
fortieth.foundation,available,68,1%,8,Mathematics,,,
abkhas.foundation,available,68,0%,6,Geography,,,
achaian.foundation,available,68,2%,7,Humanities,,,
threesome.foundation,available,68,5%,9,Entertainment,,,
decorated.foundation,available,68,3%,9,"Entertainment,Fashion,Retail",,,
foursome.foundation,available,68,4%,8,Sports,,,
ennead.foundation,available,68,5%,6,Mathematics,,,
vindicated.foundation,available,68,2%,10,"Humanities,Law,Politics",,,
stygian.foundation,available,68,5%,7,Humanities,,,
licenced.foundation,available,68,2%,8,"Business,Healthcare,Insurance",,,
octonary.foundation,available,68,1%,8,Mathematics,,,
thirtieth.foundation,available,68,1%,9,Mathematics,,,
overseas.foundation,available,68,12%,8,"Hospitality,Travel",,,
sevener.foundation,available,68,1%,7,Mathematics,,,
performing.foundation,available,66,6%,10,Entertainment,,,
acappella.foundation,available,66,6%,10,Entertainment,,,
exonerated.foundation,available,66,2%,10,"Humanities,Law,Politics",,,
sextet.foundation,available,66,2%,6,Entertainment,,,
abstinent.foundation,available,66,1%,9,"Health and Fitness,Religion",,,
xvi.foundation,available,66,4%,3,Mathematics,,,
xii.foundation,available,66,10%,3,Mathematics,,,
five.foundation,available,66,26%,4,Mathematics,,,
tenner.foundation,available,66,4%,6,Finance,,,
teenager.foundation,available,66,4%,8,"Education,Entertainment,Healthcare",,,
adorned.foundation,available,66,5%,7,"Entertainment,Fashion,Retail",,,
buzzing.foundation,available,66,7%,7,"Entertainment,Media,Technology",,,
according.foundation,available,66,3%,9,"Business,Education,Technology",,,
six.foundation,available,66,26%,3,Mathematics,,,
accessary.foundation,available,66,1%,9,"Business,Law,Technology",,,
xxv.foundation,available,66,6%,3,Mathematics,,,
four.foundation,resell,66,27%,4,Mathematics,15/02/2025 11:45,15/02/2026 11:45,Dynadot Inc
acrobatic.foundation,available,66,4%,9,"Entertainment,Sports",,,
deuce.foundation,available,66,8%,5,Sports,,,
acervate.foundation,available,66,1%,8,Science,,,
adopted.foundation,available,66,4%,7,"Education,Healthcare",,,
xvii.foundation,available,66,5%,4,Mathematics,,,
eighty.foundation,available,66,6%,6,Mathematics,,,
thirty.foundation,available,66,7%,6,Mathematics,,,
xiii.foundation,available,66,9%,4,Mathematics,,,
modish.foundation,available,66,5%,6,Fashion,,,
clv.foundation,available,66,10%,3,Mathematics,,,
onec.foundation,available,66,6%,5,Mathematics,,,
xxvi.foundation,available,66,3%,4,Mathematics,,,
latest.foundation,available,66,18%,6,Technology,,,
xxii.foundation,available,66,6%,4,Mathematics,,,
fifty.foundation,available,66,13%,5,Mathematics,,,
absolved.foundation,available,64,1%,8,"Humanities,Law,Religion",,,
adagio.foundation,available,64,14%,6,Entertainment,,,
aflame.foundation,available,64,3%,6,Entertainment,,,
deviant.foundation,available,64,12%,7,"Medicine,Science",,,
scatty.foundation,available,64,1%,6,"Arts,Entertainment,Media",,,
accordant.foundation,available,64,3%,9,"Arts,Entertainment",,,
astringent.foundation,available,64,1%,10,"Healthcare,Pharmaceuticals",,,
rising.foundation,expired,64,18%,6,"Construction,Manufacturing,Real Estate",27/06/2024 02:44,27/06/2025 02:44,"Spaceship, Inc."
acentric.foundation,available,64,2%,8,Science,,,
nondrinker.foundation,available,64,1%,10,"Health and Fitness,Religion",,,
roughly.foundation,available,62,3%,7,"Business,Media,Technology",,,
exculpated.foundation,available,62,1%,10,"Humanities,Law,Politics",,,
eleventh.foundation,available,62,5%,8,Mathematics,,,
aufait.foundation,available,62,3%,7,"Fashion,Media",,,
sixteenth.foundation,available,62,1%,9,Mathematics,,,
adoptive.foundation,available,62,1%,8,"Education,Healthcare",,,
admissible.foundation,available,62,1%,10,"Education,Healthcare,Law",,,
fortyfour.foundation,available,62,6%,10,Mathematics,,,
quartet.foundation,available,62,7%,7,"Arts,Entertainment",,,
cumulative.foundation,available,62,2%,10,"Banking,Finance,Insurance",,,
wrapped.foundation,available,62,13%,7,"Fashion,Hospitality,Retail",,,
activation.foundation,available,62,16%,10,"Healthcare,Manufacturing,Technology",,,
abo.foundation,available,62,15%,3,Science,,,
twodozen.foundation,available,62,1%,9,Mathematics,,,
acidic.foundation,available,62,5%,6,"Food and Beverage,Science",,,
longdozen.foundation,available,62,1%,10,Mathematics,,,
aborigine.foundation,available,62,1%,9,Humanities,,,
eighteenth.foundation,available,62,1%,10,Mathematics,,,
pungent.foundation,available,62,1%,7,Food and Beverage,,,
orso.foundation,available,62,9%,5,"Business,Media,Technology",,,
playacting.foundation,available,62,1%,10,Entertainment,,,
ensuant.foundation,available,62,1%,7,"Healthcare,Insurance,Transportation",,,
nail.foundation,available,62,16%,4,"Construction,Fashion,General,Retail",,,
accrued.foundation,available,62,2%,7,"Banking,Finance,Insurance",,,
accusing.foundation,available,62,1%,8,Law,,,
chiliad.foundation,available,62,2%,7,Mathematics,,,
adjuvant.foundation,available,62,5%,8,"Healthcare,Manufacturing,Technology",,,
troika.foundation,available,62,8%,6,Politics,,,
activistic.foundation,available,62,1%,10,"Humanities,Politics",,,
adnate.foundation,available,60,1%,6,"Agriculture,Manufacturing,Retail",,,
cxxx.foundation,available,60,3%,4,Mathematics,,,
cautionary.foundation,available,60,1%,10,"Business,Education,Healthcare",,,
sixty.foundation,available,60,13%,5,Mathematics,,,
idolised.foundation,available,60,1%,8,"Entertainment,Fashion,Retail",,,
cxxv.foundation,available,60,1%,4,Mathematics,,,
abashed.foundation,available,60,1%,7,Humanities,,,
cxx.foundation,available,60,9%,3,Mathematics,,,
abstainer.foundation,available,60,0%,9,"Health and Fitness,Religion",,,
thou.foundation,available,60,7%,4,Mathematics,,,
tertiary.foundation,available,60,4%,8,Education,,,
xcl.foundation,available,60,5%,3,Mathematics,,,
annexal.foundation,available,60,1%,7,"Agriculture,Manufacturing,Retail",,,
abstemious.foundation,available,60,0%,10,"Food and Beverage,Health and Fitness,Hospitality",,,
clxv.foundation,available,60,1%,4,Mathematics,,,
cxxxv.foundation,available,60,1%,5,Mathematics,,,
cxlv.foundation,available,60,2%,4,Mathematics,,,
cxv.foundation,available,60,4%,3,Mathematics,,,
octet.foundation,available,60,12%,5,Arts,,,
eightysix.foundation,available,60,7%,10,Mathematics,,,
cxl.foundation,available,60,7%,3,Mathematics,,,
idolized.foundation,available,60,3%,8,"Entertainment,Fashion,Retail",,,
adnexal.foundation,available,60,1%,7,"Agriculture,Manufacturing,Retail",,,
clxx.foundation,available,60,2%,4,Mathematics,,,
clxxx.foundation,available,60,1%,5,Mathematics,,,
paunchy.foundation,available,60,0%,7,"Health and Fitness,Medicine",,,
acceptive.foundation,available,60,1%,9,"Education,Healthcare",,,
aboveboard.foundation,available,60,5%,10,"Business,Law",,,
clx.foundation,available,60,8%,3,Mathematics,,,
clxxv.foundation,available,60,1%,5,Mathematics,,,
tercet.foundation,available,59,2%,6,"Arts,Entertainment,Media",,,
abused.foundation,available,58,5%,6,"Healthcare,Law",,,
abuzz.foundation,available,58,5%,5,"Entertainment,Media,Technology",,,
accented.foundation,available,58,3%,8,"Arts,Entertainment",,,
lxxviii.foundation,available,58,1%,7,Mathematics,,,
adjustive.foundation,available,58,1%,9,"Manufacturing,Retail,Technology",,,
lxxx.foundation,available,58,2%,4,Mathematics,,,
acyclic.foundation,available,58,4%,7,"Engineering,Mathematics,Science",,,
closeto.foundation,available,58,3%,8,"Business,Media,Technology",,,
enwrapped.foundation,available,58,0%,9,"Entertainment,Fashion,Media",,,
justabout.foundation,available,58,3%,10,"Business,Media,Technology",,,
abridged.foundation,available,58,4%,8,Media,,,
centesimal.foundation,available,58,1%,10,Mathematics,,,
hexad.foundation,available,58,5%,5,Mathematics,,,
tetrad.foundation,available,58,5%,6,Mathematics,,,
sixtyone.foundation,available,58,5%,9,Mathematics,,,
addressed.foundation,available,58,3%,9,"Business,Technology,Telecommunications",,,
eighter.foundation,available,58,2%,7,Mathematics,,,
offhanded.foundation,available,58,1%,9,Entertainment,,,
adhoc.foundation,available,58,24%,6,"Business,Engineering,Technology",,,
addible.foundation,available,58,2%,7,"Engineering,Mathematics,Science",,,
fifth.foundation,available,58,12%,5,Mathematics,,,
fourth.foundation,available,58,13%,6,Mathematics,,,
pentad.foundation,available,58,3%,6,Mathematics,,,
abandoned.foundation,available,58,10%,9,"Construction,Real Estate",,,
alacarte.foundation,available,58,11%,10,Food and Beverage,,,
sextuplet.foundation,available,58,1%,9,Healthcare,,,
ache.foundation,available,58,7%,4,Healthcare,,,
sixer.foundation,available,58,5%,5,Sports,,,
fourscore.foundation,available,58,4%,9,Mathematics,,,
adient.foundation,available,58,4%,6,"Medicine,Science",,,
niner.foundation,available,58,5%,5,Mathematics,,,
twelfth.foundation,available,58,2%,7,Mathematics,,,
acetic.foundation,available,58,1%,6,"Food and Beverage,Science",,,
heptad.foundation,available,58,2%,6,Mathematics,,,
accoutred.foundation,available,58,1%,9,"Fashion,Manufacturing,Retail",,,
linear.foundation,available,58,22%,6,"Engineering,Mathematics,Science",,,
quintet.foundation,available,58,8%,7,"Arts,Entertainment",,,
seventy.foundation,available,58,7%,7,Mathematics,,,
actuarial.foundation,available,58,8%,9,"Finance,Insurance,Mathematics",,,
cypher.foundation,expiring,58,28%,6,Mathematics,09/09/2024 17:09,09/09/2025 17:09,"Spaceship, Inc."
aucourant.foundation,available,58,3%,10,"Fashion,Media",,,
accretive.foundation,available,58,6%,9,"Banking,Finance,Insurance",,,
lviii.foundation,available,56,1%,5,Mathematics,,,
abdominous.foundation,available,56,0%,10,"Health and Fitness,Medicine",,,
thirtyone.foundation,available,56,4%,10,Mathematics,,,
fiftyone.foundation,available,56,8%,9,Mathematics,,,
fiftytwo.foundation,available,56,6%,9,Mathematics,,,
xxix.foundation,available,56,4%,4,Mathematics,,,
xlii.foundation,available,56,5%,4,Mathematics,,,
xli.foundation,available,56,5%,3,Mathematics,,,
aone.foundation,available,56,15%,5,Food and Beverage,,,
fortyone.foundation,available,56,5%,9,Mathematics,,,
potbellied.foundation,available,56,0%,10,"Health and Fitness,Medicine",,,
lii.foundation,available,56,7%,3,Mathematics,,,
thirtysix.foundation,available,56,5%,10,Mathematics,,,
fiftynine.foundation,available,56,4%,10,Mathematics,,,
fortynine.foundation,available,56,3%,10,Mathematics,,,
halfdozen.foundation,available,56,1%,10,Mathematics,,,
xxxviii.foundation,available,56,1%,7,Mathematics,,,
fortysix.foundation,available,56,4%,9,Mathematics,,,
xxvii.foundation,available,56,3%,5,Mathematics,,,
fiftyfive.foundation,available,56,8%,10,Mathematics,,,
accoutered.foundation,available,56,0%,10,"Fashion,Manufacturing,Retail",,,
xxiii.foundation,available,56,4%,5,Mathematics,,,
xxxvi.foundation,available,56,1%,5,Mathematics,,,
lvi.foundation,available,56,8%,3,Mathematics,,,
appressed.foundation,available,56,0%,9,"Agriculture,Manufacturing,Retail",,,
admittible.foundation,available,56,1%,10,"Education,Healthcare,Hospitality",,,
xxxi.foundation,available,56,8%,4,Mathematics,,,
xxxiv.foundation,available,56,1%,5,Mathematics,,,
terzetto.foundation,available,56,3%,8,Arts,,,
xxxiii.foundation,available,56,2%,6,Mathematics,,,
admissive.foundation,available,56,1%,9,"Education,Healthcare,Hospitality",,,
maledict.foundation,available,56,1%,8,Religion,,,
xlvii.foundation,available,56,2%,5,Mathematics,,,
fiftysix.foundation,available,56,4%,9,Mathematics,,,
xlviii.foundation,available,56,1%,6,Mathematics,,,
xliv.foundation,available,56,3%,4,Mathematics,,,
admittable.foundation,available,56,1%,10,"Education,Healthcare,Hospitality",,,
abeyant.foundation,available,56,1%,7,"Business,Law",,,
thirtytwo.foundation,available,56,4%,10,Mathematics,,,
xxxv.foundation,available,56,4%,4,Mathematics,,,
addled.foundation,available,56,2%,6,Entertainment,,,
ilx.foundation,available,56,6%,3,Mathematics,,,
xxxvii.foundation,available,56,2%,6,Mathematics,,,
fortytwo.foundation,available,56,17%,9,Mathematics,,,
xliii.foundation,available,56,1%,5,Mathematics,,,
fiftyfour.foundation,available,56,4%,10,Mathematics,,,
liii.foundation,available,56,4%,4,Mathematics,,,
xlvi.foundation,available,56,3%,4,Mathematics,,,
xxxii.foundation,available,56,1%,5,Mathematics,,,
xxiv.foundation,available,56,5%,4,Mathematics,,,
lvii.foundation,available,56,2%,4,Mathematics,,,
xxviii.foundation,available,56,1%,6,Mathematics,,,
acoustical.foundation,available,54,4%,10,Science,,,
quintuplet.foundation,available,54,1%,10,"Healthcare,Medicine,Science",,,
ternion.foundation,available,54,3%,7,Mathematics,,,
abhorrent.foundation,available,54,1%,9,Humanities,,,
aboral.foundation,available,54,2%,6,Science,,,
scratchy.foundation,available,54,3%,8,Fashion,,,
unnatural.foundation,available,54,4%,9,"Medicine,Science",,,
achy.foundation,available,54,3%,4,Healthcare,,,
abient.foundation,available,54,1%,6,Science,,,
threescore.foundation,available,54,2%,10,Mathematics,,,
abatic.foundation,available,54,1%,6,Science,,,
iii.foundation,available,54,24%,3,Mathematics,,,
actuated.foundation,available,54,2%,8,"Automotive,Manufacturing,Technology",,,
deuceace.foundation,available,54,1%,9,Sports,,,
deserted.foundation,available,54,3%,8,"Hospitality,Real Estate",,,
adpressed.foundation,available,54,0%,9,"Agriculture,Manufacturing,Retail",,,
quaternion.foundation,available,54,6%,10,Mathematics,,,
quadruplet.foundation,available,54,1%,10,"Healthcare,Medicine,Science",,,
fortyfive.foundation,available,54,5%,10,Mathematics,,,
monitory.foundation,available,54,3%,8,"Business,Education,Healthcare",,,
adducting.foundation,available,54,1%,9,"Engineering,Mathematics,Science",,,
abaxial.foundation,available,54,1%,7,Science,,,
abatable.foundation,available,54,1%,8,Law,,,
topnotch.foundation,available,54,18%,8,Business,,,
accursed.foundation,available,54,3%,8,"Entertainment,Media,Religion",,,
twoscore.foundation,available,54,2%,8,Mathematics,,,
adducent.foundation,available,54,1%,8,"Engineering,Mathematics,Science",,,
fin.foundation,resell,54,30%,3,Finance,07/04/2025 17:05,07/04/2026 17:05,Porkbun LLC
adductive.foundation,available,54,0%,9,"Engineering,Mathematics,Science",,,
achromatic.foundation,available,54,4%,10,Science,,,
sise.foundation,available,54,5%,4,Mathematics,,,
quatern.foundation,available,54,2%,7,Mathematics,,,
abducens.foundation,available,54,1%,8,Medicine,,,
abasic.foundation,available,54,1%,6,Science,,,
adaxial.foundation,available,54,2%,7,Science,,,
adjuratory.foundation,available,54,0%,10,"Law,Politics,Religion",,,
accentual.foundation,available,54,3%,9,"Arts,Entertainment",,,
viii.foundation,available,54,6%,4,Mathematics,,,
admonitory.foundation,available,54,0%,10,"Business,Education,Healthcare",,,
septet.foundation,available,53,1%,6,General,,,
sestet.foundation,available,53,1%,6,Arts,,,
xxx.foundation,available,53,30%,3,"Arts,Entertainment,Media",,,
repugnant.foundation,available,52,1%,9,Humanities,,,
odious.foundation,available,52,2%,6,"Entertainment,Humanities",,,
lxxii.foundation,available,52,1%,5,Mathematics,,,
eightytwo.foundation,available,52,4%,10,Mathematics,,,
xciii.foundation,available,52,1%,5,Mathematics,,,
littlejoe.foundation,available,52,2%,10,"Entertainment,Media",,,
ablated.foundation,available,52,1%,7,Science,,,
lxxv.foundation,available,52,2%,4,Mathematics,,,
xcvi.foundation,available,52,2%,4,Mathematics,,,
tierce.foundation,available,52,3%,6,General,,,
lxxxi.foundation,available,52,1%,5,Mathematics,,,
lxxiii.foundation,available,52,2%,6,Mathematics,,,
abysmal.foundation,available,52,4%,7,"Arts,Entertainment,Media",,,
ixl.foundation,available,52,9%,3,Mathematics,,,
ninetytwo.foundation,available,52,4%,10,Mathematics,,,
lxxxvi.foundation,available,52,1%,6,Mathematics,,,
adenoidal.foundation,available,52,1%,9,"Health and Fitness,Medicine,Science",,,
xciv.foundation,available,52,2%,4,Mathematics,,,
detestable.foundation,available,52,1%,10,Humanities,,,
lxxxv.foundation,available,52,1%,5,Mathematics,,,
lxxxii.foundation,available,52,1%,6,Mathematics,,,
uphill.foundation,available,52,7%,6,"Sports,Transportation,Travel",,,
abusive.foundation,available,52,3%,7,"Healthcare,Law",,,
sixtyfour.foundation,available,52,4%,10,Mathematics,,,
aboulic.foundation,available,52,1%,7,Medicine,,,
eightyone.foundation,available,52,3%,10,Mathematics,,,
lxxi.foundation,available,52,2%,4,Mathematics,,,
sixtytwo.foundation,available,52,3%,9,Mathematics,,,
lxiv.foundation,available,52,3%,4,Mathematics,,,
lxxiv.foundation,available,52,1%,5,Mathematics,,,
xci.foundation,available,52,4%,3,Mathematics,,,
lxviii.foundation,available,52,2%,6,Mathematics,,,
xcv.foundation,available,52,7%,3,Mathematics,,,
xcii.foundation,available,52,2%,4,Mathematics,,,
lxxxiii.foundation,available,52,1%,7,Mathematics,,,
lxi.foundation,available,52,5%,3,Mathematics,,,
lxvi.foundation,available,52,3%,4,Mathematics,,,
lxxvi.foundation,available,52,1%,5,Mathematics,,,
chagrined.foundation,available,52,1%,9,Humanities,,,
sixtyfive.foundation,available,52,3%,10,Mathematics,,,
lxxxiv.foundation,available,52,1%,6,Mathematics,,,
decumbent.foundation,available,52,1%,9,"Healthcare,Medicine,Science",,,
repulsive.foundation,available,52,1%,9,Humanities,,,
abstruse.foundation,available,52,5%,8,"Humanities,Mathematics,Science",,,
xcviii.foundation,available,52,1%,6,Mathematics,,,
ixc.foundation,available,52,5%,3,Mathematics,,,
lxii.foundation,available,52,2%,4,Mathematics,,,
xcvii.foundation,available,52,1%,5,Mathematics,,,
lxxvii.foundation,available,52,2%,6,Mathematics,,,
lxvii.foundation,available,52,1%,5,Mathematics,,,
ninetyone.foundation,available,52,5%,10,Mathematics,,,
abominable.foundation,available,52,2%,10,"Entertainment,Humanities",,,
ninetysix.foundation,available,52,4%,10,Mathematics,,,
lxiii.foundation,available,52,2%,5,Mathematics,,,
lxxxvii.foundation,available,52,1%,7,Mathematics,,,
lxv.foundation,available,52,5%,3,Mathematics,,,
sixtysix.foundation,available,52,5%,9,Mathematics,,,
aborticide.foundation,available,50,0%,10,Medicine,,,
abdicable.foundation,available,50,0%,9,Law,,,
cinque.foundation,available,50,7%,6,Mathematics,,,
acellular.foundation,available,50,1%,9,Science,,,
acetous.foundation,available,50,1%,7,Science,,,
acapnotic.foundation,available,50,0%,9,"Healthcare,Medicine,Science",,,
acquitted.foundation,available,50,1%,9,Law,,,
acerb.foundation,available,50,2%,5,Science,,,
abomasal.foundation,available,50,0%,8,Agriculture,,,
adhominem.foundation,available,50,2%,10,"Humanities,Law,Politics",,,
ogdoad.foundation,available,50,1%,6,Mathematics,,,
spinous.foundation,available,50,1%,7,"Agriculture,Science",,,
triplet.foundation,available,50,8%,7,Science,,,
aculeated.foundation,available,50,0%,9,"Engineering,Medicine,Science",,,
abactinal.foundation,available,50,0%,9,Science,,,
acapnic.foundation,available,50,0%,7,"Healthcare,Medicine,Science",,,
abducting.foundation,available,50,0%,9,Medicine,,,
lxx.foundation,available,50,5%,3,Mathematics,,,
scummy.foundation,available,50,1%,6,Humanities,,,
quint.foundation,available,50,13%,5,"Arts,Entertainment",,,
acetose.foundation,available,50,1%,7,Science,,,
adactylous.foundation,available,50,0%,10,Science,,,
broached.foundation,available,50,0%,8,Food and Beverage,,,
vinegary.foundation,available,50,1%,8,Food and Beverage,,,
needlelike.foundation,available,50,0%,10,"Engineering,Medicine,Science",,,
abbatial.foundation,available,50,0%,8,Religion,,,
acaudal.foundation,available,50,1%,7,"Agriculture,Science",,,
gillless.foundation,available,50,0%,9,Science,,,
acerose.foundation,available,50,1%,7,Science,,,
abranchial.foundation,available,50,0%,10,Science,,,
acerbic.foundation,available,50,2%,7,"Arts,Humanities,Media",,,
apriori.foundation,resell,48,13%,8,Mathematics,28/03/2025 11:19,28/03/2026 11:19,Porkbun LLC
abyssal.foundation,available,48,12%,7,"Arts,Entertainment,Media",,,
abstracted.foundation,available,48,5%,10,"Arts,Humanities,Science",,,
execrable.foundation,available,48,0%,9,"Entertainment,Humanities",,,
ilxxx.foundation,available,48,1%,5,Mathematics,,,
lxxxviii.foundation,available,48,1%,8,Mathematics,,,
ilxx.foundation,available,48,1%,4,Mathematics,,,
notguilty.foundation,available,48,5%,10,Law,,,
acetabular.foundation,available,46,1%,10,Science,,,
acaudate.foundation,available,46,1%,8,"Agriculture,Science",,,
theabsurd.foundation,available,46,1%,10,"Arts,Entertainment,Media",,,
cotyloid.foundation,available,46,1%,8,Science,,,
acephalous.foundation,available,46,1%,10,Science,,,
acanthous.foundation,available,46,0%,9,"Agriculture,Science",,,
acetylenic.foundation,available,46,1%,10,Science,,,
acapnial.foundation,available,46,0%,8,"Healthcare,Medicine,Science",,,
acanthoid.foundation,available,46,1%,9,"Agriculture,Science",,,
stemless.foundation,available,46,2%,8,"Agriculture,Science",,,
achenial.foundation,available,46,1%,8,Science,,,
acicular.foundation,available,46,2%,8,Science,,,
stripling.foundation,available,46,2%,9,"Education,Entertainment,Healthcare",,,
achromous.foundation,available,46,1%,9,Science,,,
acetonic.foundation,available,46,1%,8,Science,,,
acetylic.foundation,available,46,1%,8,Science,,,
acheronian.foundation,available,46,1%,10,Humanities,,,
quaternary.foundation,available,46,3%,10,Mathematics,,,
acarpelous.foundation,available,46,0%,10,"Agriculture,Science",,,
acanthotic.foundation,available,46,0%,10,"Agriculture,Science",,,
vinegarish.foundation,available,46,1%,10,Food and Beverage,,,
acarpous.foundation,available,46,0%,8,"Agriculture,Science",,,
achromic.foundation,available,46,2%,8,Science,,,
acherontic.foundation,available,44,1%,10,Humanities,,,
cotyloidal.foundation,available,44,1%,10,Science,,,
accusatory.foundation,available,44,1%,10,Law,,,
abscessed.foundation,available,41,0%,9,Healthcare,,,
accusive.foundation,available,40,1%,8,Law,,,
accurst.foundation,available,40,1%,7,Religion,,,
scurrilous.foundation,available,40,1%,10,"Entertainment,Media,Politics",,,